Date,Temperature,Relative Humidity,Peak Demand
1/1/2020,10.65,48.65,174.2
1/2/2020,12.48,72.65,173.3666667
1/3/2020,14.64,74.02,172.5333333
1/4/2020,13.88,66.9,171.7
1/5/2020,12.81,54.56,153.7333333
1/6/2020,13.7,55.23,170
1/7/2020,14.59,75.14,169.1666667
1/8/2020,13.18,86.74,168.3333333
1/9/2020,9.67,67.72,167.5
1/10/2020,8.99,55.02,166.6666667
1/11/2020,10.4,43.57,165.8333333
1/12/2020,13.13,38.27,148.5
1/13/2020,14.82,57.85,164.1333333
1/14/2020,14.25,70.79,163.3
1/15/2020,13.32,67.25,162.4666667
1/16/2020,12.64,81.97,161.6333333
1/17/2020,12.85,76.27,160.8
1/18/2020,12.95,67.51,159.9666667
1/19/2020,11.06,66.46,143.2333333
1/20/2020,11.01,67.55,158.3
1/21/2020,13.13,50.6,157.4333333
1/22/2020,12.91,51.7,156.6
1/23/2020,11.36,58.68,155.7666667
1/24/2020,11.46,48.89,154.9333333
1/25/2020,11.77,47.91,154.1
1/26/2020,14.12,54.88,137.9333333
1/27/2020,15.98,58.08,152.4333333
1/28/2020,14.23,74.55,151.6
1/29/2020,13.94,68.64,150.7333333
1/30/2020,12.01,61.52,149.9
1/31/2020,11.83,57.77,149.0666667
2/1/2020,12.39,53.14,148.2333333
2/2/2020,11.46,59.41,132.7333333
2/3/2020,12.08,55.59,146.7
2/4/2020,12.61,49.46,145.9
2/5/2020,12.66,51.35,145.1333333
2/6/2020,12.14,53.86,144.3666667
2/7/2020,12.41,51.66,143.6
2/8/2020,11.94,56.28,142.8333333
2/9/2020,12.83,53.56,127.8666667
2/10/2020,13.52,48.55,141.2666667
2/11/2020,14.23,48.24,140.5
2/12/2020,15.65,49.44,139.7333333
2/13/2020,18.71,51.77,138.9666667
2/14/2020,17.74,47.16,138.2
2/15/2020,15.62,40.25,137.4333333
2/16/2020,16.12,38.31,122.9666667
2/17/2020,16.46,35.09,135.8666667
2/18/2020,16.31,35.2,135.1
2/19/2020,18.39,32.59,134.3333333
2/20/2020,19.08,41.89,133.5666667
2/21/2020,17.18,66.77,132.8
2/22/2020,17.31,69.15,132
2/23/2020,19.26,58.34,118.1
2/24/2020,18.91,57.48,130.4666667
2/25/2020,18.45,54.38,129.7
2/26/2020,18.91,58.02,128.9333333
2/27/2020,18.11,62.36,128.1666667
2/28/2020,19.58,61.01,127.3666667
2/29/2020,19.94,66.2,126.6
3/1/2020,20.47,65.14,113.2666667
3/2/2020,20.93,53.4,125.4
3/3/2020,21,48.75,124.9333333
3/4/2020,21.23,52.15,124.5
3/5/2020,20.19,71.64,124.0666667
3/6/2020,17.96,81.39,123.6
3/7/2020,18,66.53,123.1666667
3/8/2020,18.14,55.99,110.4666667
3/9/2020,17.52,55,122.2666667
3/10/2020,18.18,48.01,121.8333333
3/11/2020,19.97,63.72,121.4
3/12/2020,21.01,62.18,120.9333333
3/13/2020,20.02,43.93,120.5
3/14/2020,16.97,59.4,120.0666667
3/15/2020,17.73,54.72,107.6333333
3/16/2020,19.27,55,119.1666667
3/17/2020,20.39,51.54,118.7333333
3/18/2020,21.42,50,118.3
3/19/2020,22.65,53.47,117.8333333
3/20/2020,23.72,50.62,117.4
3/21/2020,24.72,44.77,116.9666667
3/22/2020,24.18,45.67,104.8666667
3/23/2020,23.77,48.31,116.0666667
3/24/2020,24.48,48.4,115.6333333
3/25/2020,25.36,48.98,115.1666667
3/26/2020,24,54.76,114.7333333
3/27/2020,22.54,63.23,114.3
3/28/2020,22.74,55.7,113.8333333
3/29/2020,23.1,45.17,102.0666667
3/30/2020,22.86,46.48,112.9666667
3/31/2020,23.69,47.46,112.5
4/1/2020,25.71,49.42,112.0666667
4/2/2020,24.36,46.16,114.4
4/3/2020,23.15,40.75,116.7333333
4/4/2020,23.96,39.21,119.0666667
4/5/2020,25.81,39.12,109.2666667
4/6/2020,26.62,34.49,123.7333333
4/7/2020,26.81,37.94,126.0666667
4/8/2020,25.96,40.49,128.4
4/9/2020,25.51,38.14,130.7666667
4/10/2020,27.89,35.3,133.1
4/11/2020,29.14,35.87,135.4333333
4/12/2020,28.96,36.52,124
4/13/2020,30.33,39.78,140.1
4/14/2020,32.34,36.41,142.4333333
4/15/2020,31.98,27.76,144.7666667
4/16/2020,30.81,31.38,147.1
4/17/2020,29.68,30.04,149.4333333
4/18/2020,29.8,32.88,151.7666667
4/19/2020,28.88,40.73,138.7
4/20/2020,24.65,48.49,156.4333333
4/21/2020,27.72,44.75,158.7666667
4/22/2020,28.48,35.47,161.1
4/23/2020,28.45,36.28,163.4333333
4/24/2020,30.77,32.51,165.8
4/25/2020,31.94,29.52,168.1333333
4/26/2020,30.15,41.13,153.4333333
4/27/2020,28.01,51.82,172.8
4/28/2020,28.88,48.66,175.1333333
4/29/2020,30.99,40.89,177.4666667
4/30/2020,31.94,40.54,179.8
5/1/2020,32.37,39.08,182.1333333
5/2/2020,32.65,38.61,183.0333333
5/3/2020,31.26,43.39,165.5666667
5/4/2020,30.68,48.83,184.8666667
5/5/2020,31.56,41.75,185.8
5/6/2020,31.67,35.47,186.7
5/7/2020,30.16,45.41,187.6333333
5/8/2020,32.75,33.04,188.5333333
5/9/2020,33.4,30.61,189.4333333
5/10/2020,30.98,44.02,171.3333333
5/11/2020,30.14,46.03,191.2666667
5/12/2020,31.41,37.9,192.2
5/13/2020,32.66,34.93,193.1
5/14/2020,33.67,35.71,194
5/15/2020,33.41,33.82,194.9333333
5/16/2020,33.13,28.31,195.8333333
5/17/2020,34.34,25.48,177.1
5/18/2020,34.03,22.57,197.6666667
5/19/2020,33.72,17.27,198.6
5/20/2020,33.12,18.47,199.5
5/21/2020,34.13,17.42,200.4
5/22/2020,36.52,15.93,201.3333333
5/23/2020,38.66,15.66,202.2333333
5/24/2020,38.32,15.52,182.8666667
5/25/2020,37.83,18.47,204.0666667
5/26/2020,38.37,15.49,204.9666667
5/27/2020,38.92,14.54,205.9
5/28/2020,36.75,26.53,206.8
5/29/2020,34.91,32.66,207.7333333
5/30/2020,31.65,43.82,208.6333333
5/31/2020,29.66,55.57,188.6
6/1/2020,31.02,50.07,210.4666667
6/2/2020,31.92,45.23,210.4666667
6/3/2020,33.32,40.7,210.4666667
6/4/2020,31.8,47.52,210.4666667
6/5/2020,31.1,48.71,210.4333333
6/6/2020,31.45,46.92,210.4333333
6/7/2020,32.46,47.06,189.4
6/8/2020,33.31,42.82,210.4333333
6/9/2020,35.16,38.61,210.4333333
6/10/2020,36.36,36.95,210.4333333
6/11/2020,36.53,37.36,210.4333333
6/12/2020,37.27,35.85,210.4333333
6/13/2020,36.62,35.26,210.4
6/14/2020,36.06,37.18,189.3666667
6/15/2020,36.41,33.6,210.4
6/16/2020,36.84,24.35,210.4
6/17/2020,36.2,28.93,210.4
6/18/2020,36.92,31.28,210.4
6/19/2020,37.8,31.93,210.4
6/20/2020,37.92,34.46,210.3666667
6/21/2020,35.59,42.69,189.3333333
6/22/2020,34.3,47.89,210.3666667
6/23/2020,34.31,49.71,210.3666667
6/24/2020,33.17,58.96,210.3666667
6/25/2020,34.7,54.81,210.3666667
6/26/2020,34.31,54.76,210.3666667
6/27/2020,37.26,39.75,210.3666667
6/28/2020,37.44,38.99,189.3
6/29/2020,37.66,36.9,210.3333333
6/30/2020,35.02,49.62,210.3333333
7/1/2020,36.08,44.8,210.3333333
7/2/2020,36.19,45.85,209.7333333
7/3/2020,36.94,45.15,209.1
7/4/2020,37.1,44.15,208.5
7/5/2020,31.4,69.04,187.0666667
7/6/2020,33.47,53.64,207.2666667
7/7/2020,29.93,69.84,206.6333333
7/8/2020,31.14,67.13,206.0333333
7/9/2020,33.49,59.02,205.4
7/10/2020,35.76,48.42,204.8
7/11/2020,34.82,52.15,204.1666667
7/12/2020,33.47,57.19,183.2
7/13/2020,34,54.58,202.9333333
7/14/2020,35.47,45.06,202.3333333
7/15/2020,34.56,49.81,201.7
7/16/2020,33.74,54.73,201.1
7/17/2020,32.7,64.36,200.4666667
7/18/2020,33.22,64.27,199.8666667
7/19/2020,32.57,70.35,179.3
7/20/2020,33.67,61.08,198.6333333
7/21/2020,31.48,72.15,198
7/22/2020,28.55,82.11,197.4
7/23/2020,30.15,69.45,196.7666667
7/24/2020,30.61,66.57,196.1666667
7/25/2020,30.51,69.98,195.5333333
7/26/2020,30.7,70.96,175.4333333
7/27/2020,32.87,59.49,194.3
7/28/2020,33.66,61.7,193.7
7/29/2020,32.25,67.28,193.0666667
7/30/2020,29.33,80.17,192.4666667
7/31/2020,30.84,74.8,191.8333333
8/1/2020,31.59,70.23,191.2333333
8/2/2020,31.96,66.49,172.6
8/3/2020,32.62,68.15,192.3
8/4/2020,32.75,67.88,192.8333333
8/5/2020,31.51,70.77,193.3666667
8/6/2020,31.28,70.14,193.9
8/7/2020,31.24,71.99,194.4333333
8/8/2020,32.28,68.19,194.9666667
8/9/2020,32.29,68.06,175.9333333
8/10/2020,30.59,78.02,196
8/11/2020,29.26,85.53,196.5333333
8/12/2020,30.92,79.06,197.0666667
8/13/2020,29.18,87.46,197.6
8/14/2020,28.63,87.63,198.1333333
8/15/2020,29.72,80.26,198.6666667
8/16/2020,30.54,78.65,179.2666667
8/17/2020,31.06,77.07,199.7333333
8/18/2020,30.52,80.73,200.2666667
8/19/2020,29.98,84.86,200.8
8/20/2020,27.99,90.13,201.3333333
8/21/2020,28.19,81.39,201.8666667
8/22/2020,28.34,81.03,202.4
8/23/2020,28.36,82.92,182.6333333
8/24/2020,28.8,80.1,203.4666667
8/25/2020,29.16,79.91,203.9666667
8/26/2020,29.85,76.93,204.5
8/27/2020,29.39,81.61,205.0333333
8/28/2020,29.63,79.08,205.5666667
8/29/2020,29,80.06,206.1
8/30/2020,28.07,81.54,185.9666667
8/31/2020,28.69,76.99,207.1666667
9/1/2020,29.55,75.65,207.7
9/2/2020,28.85,78.06,206.1333333
9/3/2020,29.11,78.3,204.5666667
9/4/2020,29.77,76.28,203
9/5/2020,29.96,74.73,201.4333333
9/6/2020,29.44,74.8,179.8666667
9/7/2020,29.98,72.21,198.3
9/8/2020,29.8,70.64,196.7333333
9/9/2020,30.15,66.45,195.1666667
9/10/2020,30.66,65.53,193.6
9/11/2020,31,62.95,192.0333333
9/12/2020,30.31,62.61,190.4666667
9/13/2020,30.83,58.41,170
9/14/2020,30.43,55.98,187.3333333
9/15/2020,30.64,54.07,185.7666667
9/16/2020,31.47,57.27,184.2
9/17/2020,31.74,57.11,182.6
9/18/2020,31.88,53.55,181.0333333
9/19/2020,31.84,51.78,179.4666667
9/20/2020,30.74,55.09,160.1
9/21/2020,31.06,51.79,176.3333333
9/22/2020,31.44,60.02,174.7666667
9/23/2020,30.75,64.69,173.2
9/24/2020,31.27,57.44,171.6333333
9/25/2020,30.79,45.9,170.0666667
9/26/2020,29.91,46.85,168.5
9/27/2020,29.53,46.65,150.2333333
9/28/2020,29.76,43.04,165.3666667
9/29/2020,28.48,45.66,163.8
9/30/2020,28.03,46.09,162.2333333
10/1/2020,28.45,41.74,160.6666667
10/2/2020,28.83,38.92,159.5333333
10/3/2020,28.11,36.83,158.4
10/4/2020,27.33,36.03,141.5333333
10/5/2020,27.6,36.51,156.1333333
10/6/2020,27.62,34.67,155
10/7/2020,27.71,34.79,153.9
10/8/2020,27.6,34.8,152.7666667
10/9/2020,27.6,36.76,151.6333333
10/10/2020,27.68,39.89,150.5
10/11/2020,27.51,39.49,134.4333333
10/12/2020,27.78,36.59,148.2333333
10/13/2020,28.36,38.25,147.1
10/14/2020,28.21,41.65,145.9666667
10/15/2020,28.03,36.95,144.8333333
10/16/2020,26.93,33.16,143.7
10/17/2020,27,31.91,142.6
10/18/2020,25.98,31.77,127.3333333
10/19/2020,24.85,31.35,140.3333333
10/20/2020,24.93,27.29,139.2
10/21/2020,26.22,23.42,138.0666667
10/22/2020,26.75,31.78,136.9333333
10/23/2020,25.81,32.75,135.8
10/24/2020,24.87,27.27,134.6666667
10/25/2020,24.74,24.73,120.1666667
10/26/2020,24.34,26.47,132.4
10/27/2020,23.01,30,131.3
10/28/2020,22.76,24.15,130.1666667
10/29/2020,22.45,25.93,129.0333333
10/30/2020,22.44,28.33,127.9
10/31/2020,22.07,29.39,126.7666667
11/1/2020,21.21,23.45,113.0666667
11/2/2020,21,25.39,126.6333333
11/3/2020,21.61,23.74,127.6333333
11/4/2020,21.75,25.87,128.6333333
11/5/2020,21.59,24.58,129.6333333
11/6/2020,21.81,24.8,130.6333333
11/7/2020,21.54,28.4,131.6333333
11/8/2020,21.23,29.6,119.3666667
11/9/2020,20.07,33.23,133.6666667
11/10/2020,22.31,28.72,134.6666667
11/11/2020,22.28,32.78,135.6666667
11/12/2020,21.43,38.93,136.6666667
11/13/2020,21.1,36.59,137.6666667
11/14/2020,21.77,31.49,138.6666667
11/15/2020,22.47,41.19,125.7
11/16/2020,20.41,65.18,140.6666667
11/17/2020,19.19,56.22,141.6666667
11/18/2020,18.37,45.1,142.6666667
11/19/2020,17.67,36.83,143.6666667
11/20/2020,17.24,35.19,144.6666667
11/21/2020,16.38,37.13,145.6666667
11/22/2020,16.2,28.39,132
11/23/2020,17.85,22.88,147.6666667
11/24/2020,18.08,23.67,148.7
11/25/2020,18.4,27.09,149.7
11/26/2020,17.42,50.54,150.7
11/27/2020,17.63,44.13,151.7
11/28/2020,16.58,41.63,152.7
11/29/2020,16.21,34.17,138.3333333
11/30/2020,17,33.06,154.7
12/1/2020,17.02,39.08,155.7
12/2/2020,17.78,43.13,156.0666667
12/3/2020,18.09,45.52,156.4666667
12/4/2020,19.71,34.27,156.8333333
12/5/2020,19.62,30.46,157.2
12/6/2020,19.44,35.32,141.8
12/7/2020,18.91,38.12,157.9666667
12/8/2020,19.19,38.14,158.3333333
12/9/2020,20.08,37.86,158.7
12/10/2020,20.18,44.8,159.1
12/11/2020,20.66,45.22,159.4666667
12/12/2020,19.26,59.32,159.8333333
12/13/2020,15.34,51.71,144.1666667
12/14/2020,13.06,46.52,160.6
12/15/2020,12.32,45.29,160.9666667
12/16/2020,12.74,39.86,161.3333333
12/17/2020,10.2,36.6,161.7333333
12/18/2020,11.3,33.4,162.1
12/19/2020,12.7,29.62,162.4666667
12/20/2020,13.5,28.49,146.5666667
12/21/2020,13.65,38.52,163.2333333
12/22/2020,15.28,34.77,163.6
12/23/2020,14.76,36.77,163.9666667
12/24/2020,14.06,40.37,164.3666667
12/25/2020,13.2,40,164.7333333
12/26/2020,13.95,38.05,165.1
12/27/2020,15.72,34.17,148.9333333
12/28/2020,11.85,34.04,165.8666667
12/29/2020,11.2,40.33,166.2333333
12/30/2020,10.19,48.21,166.6
12/31/2020,10.78,39.56,167
1/1/2021,13.36,31.89,167.3666667
1/2/2021,13.5,53.98,166.8
1/3/2021,15.79,87.44,149.5666667
1/4/2021,17.43,76.5,165.6333333
1/5/2021,17.53,73.36,165.0666667
1/6/2021,16.49,74.58,164.5
1/7/2021,14.49,76.34,163.9
1/8/2021,15.48,71.88,163.3333333
1/9/2021,15.88,64.41,162.7666667
1/10/2021,12.98,58.13,145.9666667
1/11/2021,11,53.02,161.6
1/12/2021,11.24,48.85,161.0333333
1/13/2021,10.09,46.81,160.4666667
1/14/2021,12.06,39.14,159.9
1/15/2021,12.65,37.15,159.3
1/16/2021,10.91,45.45,158.7333333
1/17/2021,10.94,48.03,142.3333333
1/18/2021,13.73,40.97,157.6
1/19/2021,14.92,49.95,157
1/20/2021,13.54,50.16,156.4333333
1/21/2021,13.09,51.09,155.8666667
1/22/2021,13.32,41.61,155.3
1/23/2021,14.04,40.74,154.7
1/24/2021,12.08,55.76,138.7333333
1/25/2021,10.83,50.87,153.5666667
1/26/2021,11.92,49.09,153
1/27/2021,12.1,44.89,152.4
1/28/2021,11.34,40.75,151.8333333
1/29/2021,11.3,41,151.2666667
1/30/2021,12.1,40.98,150.7
1/31/2021,14.11,34.11,135.1
2/1/2021,15.93,32.33,149.5333333
2/2/2021,16.45,34.59,148.6
2/3/2021,16.25,39.76,147.6666667
2/4/2021,16.17,55.01,146.7666667
2/5/2021,14.6,64.45,145.8333333
2/6/2021,14.29,50.01,144.9
2/7/2021,14.51,48.46,129.6
2/8/2021,15.13,47.19,143.0666667
2/9/2021,17.63,42.11,142.1333333
2/10/2021,19.2,37.49,141.2
2/11/2021,17.5,42.78,140.2666667
2/12/2021,17.82,44.74,139.3666667
2/13/2021,18.3,36.03,138.4333333
2/14/2021,19.38,32.4,123.7333333
2/15/2021,20.37,31.05,136.6
2/16/2021,19.49,37.21,135.6666667
2/17/2021,18.61,40.96,134.7333333
2/18/2021,19.21,33.83,133.8
2/19/2021,18.24,37.18,132.8666667
2/20/2021,17.76,37.4,131.9666667
2/21/2021,18.11,37.8,117.9333333
2/22/2021,20.06,33.36,130.1
2/23/2021,21.89,29.39,129.2
2/24/2021,23.44,26.88,128.2666667
2/25/2021,23.01,29.05,127.3333333
2/26/2021,24.48,31.53,126.4
2/27/2021,23.97,36.86,125.4666667
2/28/2021,22.85,30.13,112.1
3/1/2021,21.17,22.95,123.6333333
3/2/2021,20.75,23.79,124.3333333
3/3/2021,22.65,20.64,125.0666667
3/4/2021,24.49,19.09,125.7666667
3/5/2021,23.61,20.91,126.5
3/6/2021,24.74,18.83,127.2
3/7/2021,25.6,18.83,115.1
3/8/2021,25.16,24.21,128.6333333
3/9/2021,26.6,24.96,129.3333333
3/10/2021,26.22,30.75,130.0333333
3/11/2021,26.39,23.64,130.7666667
3/12/2021,23.03,42.65,131.4666667
3/13/2021,24.08,52.5,132.2
3/14/2021,25.45,29.45,119.6
3/15/2021,24.98,27.41,133.6
3/16/2021,25.4,28.67,134.3333333
3/17/2021,26.69,28.75,135.0333333
3/18/2021,27.63,26.82,135.7666667
3/19/2021,27.88,28.85,136.4666667
3/20/2021,26.75,25.74,137.1666667
3/21/2021,27.72,24.73,124.1
3/22/2021,26.91,25.02,138.6
3/23/2021,28.01,26.88,139.3333333
3/24/2021,26.39,26.77,140.0333333
3/25/2021,24.86,27.82,140.7333333
3/26/2021,24.78,29.2,141.4666667
3/27/2021,27.17,25.45,142.1666667
3/28/2021,29.12,21.9,128.5666667
3/29/2021,30.32,18.78,143.6
3/30/2021,30.65,16.8,144.3
3/31/2021,28.56,11.49,145.0333333
4/1/2021,26.44,7.3,145.7333333
4/2/2021,25.93,9.19,146.4
4/3/2021,25.93,6.84,147.0333333
4/4/2021,27.35,8.62,132.9333333
4/5/2021,29.26,12.56,148.3333333
4/6/2021,30.92,12.74,149
4/7/2021,29.93,23.43,149.6333333
4/8/2021,27.87,14.89,150.3
4/9/2021,27.93,13.37,150.9666667
4/10/2021,28.89,14.92,151.6
4/11/2021,29.72,15.57,137.0333333
4/12/2021,31.11,16.37,152.9
4/13/2021,32.01,18.03,153.5666667
4/14/2021,32.49,19.51,154.2
4/15/2021,32.77,17.12,154.8666667
4/16/2021,32.81,19.77,155.5333333
4/17/2021,29.53,31.78,156.1666667
4/18/2021,29.58,27.62,141.1333333
4/19/2021,31.24,20.84,157.4666667
4/20/2021,28.68,23.21,158.1333333
4/21/2021,27.44,32.17,158.7666667
4/22/2021,27.33,32.2,159.4333333
4/23/2021,29.35,24.16,160.0666667
4/24/2021,27.47,28.25,160.7333333
4/25/2021,28.9,17.59,145.2666667
4/26/2021,31.06,13.63,162.0333333
4/27/2021,33.37,13.85,162.7
4/28/2021,33.97,13.15,163.3333333
4/29/2021,34.67,17.88,164
4/30/2021,34.66,17.1,164.6333333
5/1/2021,33.73,19.57,165.3
5/2/2021,33.6,21.42,150.6666667
5/3/2021,33.92,23.81,169.5333333
5/4/2021,34.77,20.39,171.6333333
5/5/2021,33.54,20.14,173.7333333
5/6/2021,33,29.94,175.8333333
5/7/2021,31.59,35.56,177.9666667
5/8/2021,32.11,29.22,180.0666667
5/9/2021,33.1,26.83,163.9333333
5/10/2021,34.56,24.96,184.3
5/11/2021,33.78,25.38,186.4
5/12/2021,34.07,24.67,188.5
5/13/2021,30.93,36.53,190.6
5/14/2021,31.86,32.87,192.7333333
5/15/2021,33.51,26.98,194.8333333
5/16/2021,34.12,21.22,177.2333333
5/17/2021,33.43,22.31,199.0666667
5/18/2021,30.03,38.56,201.1666667
5/19/2021,25.52,67.6,203.2666667
5/20/2021,24.92,74.53,205.4
5/21/2021,28.26,57.33,207.5
5/22/2021,29.68,52.14,209.6
5/23/2021,28.72,45.34,190.5333333
5/24/2021,29.25,38.26,213.8333333
5/25/2021,31.03,36.13,215.9333333
5/26/2021,32.27,34.92,218.0333333
5/27/2021,33.18,29.87,220.1666667
5/28/2021,31.76,36.89,222.2666667
5/29/2021,31.87,52.33,224.3666667
5/30/2021,32.06,53.2,203.8333333
5/31/2021,34.94,39.83,228.6
6/1/2021,31.43,45.88,230.7
6/2/2021,31.86,40.34,231.1333333
6/3/2021,32.34,41.23,231.6
6/4/2021,33.99,41.36,232.0333333
6/5/2021,34.33,42.31,232.5
6/6/2021,33.74,44.34,209.6333333
6/7/2021,34.94,41.06,233.3666667
6/8/2021,35.98,37.89,233.8333333
6/9/2021,36.69,38.4,234.2666667
6/10/2021,33.62,51.79,234.7333333
6/11/2021,32.49,56.1,235.1666667
6/12/2021,32.62,58.37,235.6
6/13/2021,31.91,60.6,212.4666667
6/14/2021,33.48,43.91,236.5
6/15/2021,32.99,49.43,236.9666667
6/16/2021,31.76,52.88,237.4
6/17/2021,31.67,56.66,237.8333333
6/18/2021,31.22,57.42,238.3
6/19/2021,29.99,61.65,238.7333333
6/20/2021,30.68,62.29,215.2666667
6/21/2021,33.08,47.51,239.6333333
6/22/2021,33.93,42.91,240.0666667
6/23/2021,34.29,41.47,240.5333333
6/24/2021,33.64,45.37,240.9666667
6/25/2021,33.49,44.71,241.4333333
6/26/2021,32.38,43.08,241.8666667
6/27/2021,33.59,44.51,218.0666667
6/28/2021,34.49,44.13,242.7666667
6/29/2021,35.78,34.83,243.2
6/30/2021,36.64,33.63,243.6666667
7/1/2021,37.37,35.46,244.1
7/2/2021,36.9,38.87,243.2666667
7/3/2021,34.4,50.2,242.4333333
7/4/2021,34.5,43.51,217.4333333
7/5/2021,35.16,39.67,240.7666667
7/6/2021,36.01,40.39,239.9333333
7/7/2021,36.92,38.41,239.1
7/8/2021,37.66,36.94,238.2666667
7/9/2021,35.05,49.78,237.4666667
7/10/2021,34.78,46.81,236.6333333
7/11/2021,33.34,56.85,212.2333333
7/12/2021,31.78,62.1,234.9666667
7/13/2021,29.95,72.68,234.1333333
7/14/2021,29.65,75.3,233.3
7/15/2021,32.16,61.98,232.4666667
7/16/2021,33.89,55.93,231.6333333
7/17/2021,34.26,56.4,230.8
7/18/2021,31.52,72.71,206.9666667
7/19/2021,28.47,90.13,229.1333333
7/20/2021,28.28,87.79,228.3
7/21/2021,28.52,86.74,227.4666667
7/22/2021,29.67,81.28,226.6333333
7/23/2021,29.43,85.05,225.8
7/24/2021,30.56,78.82,224.9666667
7/25/2021,31.31,77,201.7333333
7/26/2021,29.14,82.74,223.3333333
7/27/2021,29.39,84.81,222.5
7/28/2021,28.03,88.46,221.6666667
7/29/2021,28.19,87.39,220.8333333
7/30/2021,28.48,87.25,220
7/31/2021,28.85,84.79,219.1666667
8/1/2021,30.24,76.21,196.5
8/2/2021,29.21,84.09,217.2666667
8/3/2021,28.9,84.96,216.1666667
8/4/2021,28.51,85,215.1
8/5/2021,28.87,84.04,214.0333333
8/6/2021,29.1,76.63,212.9333333
8/7/2021,27.05,87.48,211.8666667
8/8/2021,29.42,80.03,189.7333333
8/9/2021,28.86,83.08,209.7
8/10/2021,29.63,81.29,208.6333333
8/11/2021,29,76.98,207.5666667
8/12/2021,29.01,78.56,206.4666667
8/13/2021,29.54,79.19,205.4
8/14/2021,29.78,80.39,204.3333333
8/15/2021,29.76,76.03,182.9
8/16/2021,29.91,73.45,202.1666667
8/17/2021,30.26,70.01,201.1
8/18/2021,29.63,72.37,200.0333333
8/19/2021,29.68,78.25,198.9333333
8/20/2021,26.92,90.53,197.8666667
8/21/2021,27.49,90.34,196.8
8/22/2021,28.43,85.24,176.1333333
8/23/2021,29.08,82.74,194.6333333
8/24/2021,28.67,82.74,193.5666667
8/25/2021,28.49,80.95,192.4666667
8/26/2021,28.58,80.38,191.4
8/27/2021,29.69,74.34,190.3333333
8/28/2021,29.18,78.76,189.2333333
8/29/2021,28.81,82.71,169.3333333
8/30/2021,27.74,85.41,187.1
8/31/2021,26.81,87.03,186
9/1/2021,26.64,88.3,184.9333333
9/2/2021,26.57,89.38,184.7666667
9/3/2021,27.1,89.41,184.6
9/4/2021,27.71,87.15,184.4
9/5/2021,28.59,83.91,165.8
9/6/2021,28.94,84.59,184.0666667
9/7/2021,28.53,87.35,183.9
9/8/2021,27.75,86.82,183.7
9/9/2021,27.6,87.05,183.5333333
9/10/2021,27.11,88.74,183.3666667
9/11/2021,26.53,92.99,183.2
9/12/2021,26.6,88.72,164.7
9/13/2021,27.52,82.46,182.8333333
9/14/2021,27.67,79.73,182.6666667
9/15/2021,27.14,83.6,182.5
9/16/2021,26.47,86.03,182.3333333
9/17/2021,25.95,86.37,182.1333333
9/18/2021,26.86,87.1,181.9666667
9/19/2021,27.72,86.11,163.6333333
9/20/2021,28.15,85.83,181.6333333
9/21/2021,28.05,85.98,181.4333333
9/22/2021,26.61,91.73,181.2666667
9/23/2021,25.67,88.73,181.1
9/24/2021,26.58,83.82,180.9333333
9/25/2021,27.39,84.86,180.7333333
9/26/2021,26.99,86.6,162.5
9/27/2021,27.3,81.98,180.4
9/28/2021,27.09,84.15,180.2333333
9/29/2021,26.67,85.82,180.0333333
9/30/2021,27.37,84.59,179.8666667
10/1/2021,28.28,81.8,179.7
10/2/2021,28.53,80,178.0333333
10/3/2021,28.18,80.49,158.7
10/4/2021,28.81,73.35,174.6666667
10/5/2021,27.6,79.91,173
10/6/2021,27.07,81.48,171.3
10/7/2021,25.84,78.61,169.6333333
10/8/2021,25.93,70.4,167.9666667
10/9/2021,25.68,65.04,166.2666667
10/10/2021,26.63,61.95,148.1333333
10/11/2021,26.62,63.19,162.9333333
10/12/2021,25.73,66.23,161.2333333
10/13/2021,23.86,67.35,159.5666667
10/14/2021,23.17,64.66,157.9
10/15/2021,25.64,65.03,156.2
10/16/2021,26.46,60.81,154.5333333
10/17/2021,25.63,74.57,137.5666667
10/18/2021,22.13,93.11,151.2
10/19/2021,22.85,83.32,149.5
10/20/2021,22.35,74.72,147.8333333
10/21/2021,21.38,67.54,146.1666667
10/22/2021,22.45,69.17,144.4666667
10/23/2021,22.59,80.1,142.8
10/24/2021,22.61,78.96,127.0333333
10/25/2021,21.66,80.04,139.4333333
10/26/2021,20.37,72.63,137.7666667
10/27/2021,19.39,68.46,136.1
10/28/2021,19.81,69.23,134.4
10/29/2021,21.45,58.89,132.7333333
10/30/2021,19.19,71.35,131.0666667
10/31/2021,20.03,64.25,116.4333333
11/1/2021,19.49,67.24,127.7
11/2/2021,18.56,73.43,128.6333333
11/3/2021,19.36,74.27,129.6
11/4/2021,19.59,70.07,130.5333333
11/5/2021,19.76,63.49,131.5
11/6/2021,18.05,68.92,132.4333333
11/7/2021,19.08,68.12,120.0666667
11/8/2021,18.69,68.52,134.3333333
11/9/2021,19.06,66.82,135.3
11/10/2021,19.68,60.41,136.2333333
11/11/2021,19.85,55.51,137.2
11/12/2021,18.92,59.08,138.1333333
11/13/2021,17.19,63.55,139.1
11/14/2021,17.43,56.44,126.0333333
11/15/2021,16.82,55.82,141
11/16/2021,15.67,59.55,141.9333333
11/17/2021,16.69,54.17,142.8666667
11/18/2021,17.34,56.22,143.8333333
11/19/2021,17.47,56.13,144.7666667
11/20/2021,15.08,74.49,145.7333333
11/21/2021,16.12,67.6,132
11/22/2021,15.58,59.92,147.6333333
11/23/2021,16.14,52.59,148.5666667
11/24/2021,16.08,54.77,149.5333333
11/25/2021,16.44,61.67,150.4666667
11/26/2021,17.1,56.03,151.4333333
11/27/2021,15.52,69.96,152.3666667
11/28/2021,17.1,66.21,138
11/29/2021,16.42,61.4,154.2666667
11/30/2021,16.12,60.09,155.2333333
12/1/2021,14.81,66.52,156.1666667
12/2/2021,14.34,69.75,156.6333333
12/3/2021,15.72,59.67,157.0666667
12/4/2021,18.05,52.07,157.5333333
12/5/2021,17.94,61.05,142.1666667
12/6/2021,17.28,71.02,158.4333333
12/7/2021,14.76,66.55,158.8666667
12/8/2021,14.8,57.26,159.3333333
12/9/2021,15.66,52.27,159.7666667
12/10/2021,14.46,63.08,160.2333333
12/11/2021,14.47,54.96,160.6666667
12/12/2021,14.87,52.54,145.0333333
12/13/2021,11.77,68.96,161.5666667
12/14/2021,13.49,67.35,162.0333333
12/15/2021,13.2,63.63,162.4666667
12/16/2021,12.44,57.88,162.9333333
12/17/2021,10.01,57.21,163.3666667
12/18/2021,8.6,50.5,163.8333333
12/19/2021,8.07,50.02,147.8333333
12/20/2021,9.78,44.72,164.7333333
12/21/2021,12.48,39.03,165.1666667
12/22/2021,13.2,43.99,165.6333333
12/23/2021,13.14,50.91,166.0666667
12/24/2021,13.41,58.81,166.5333333
12/25/2021,14.23,57.25,166.9666667
12/26/2021,13.61,65.98,150.7
12/27/2021,14.99,69.4,167.8666667
12/28/2021,13.85,75.1,168.3333333
12/29/2021,12.96,68.88,168.7666667
12/30/2021,10.98,48.55,169.2333333
12/31/2021,10.78,52.23,169.6666667
1/1/2022,12.15,51.69,170.1333333
1/2/2022,12.78,53.86,153
1/3/2022,13.44,50.34,169.8666667
1/4/2022,15.64,48.2,169.7333333
1/5/2022,13.32,68.57,169.6333333
1/6/2022,13.44,86.68,169.5
1/7/2022,14.48,88.36,169.3666667
1/8/2022,15.06,91.91,169.2333333
1/9/2022,14.3,91.16,152.2
1/10/2022,11.13,81,168.9666667
1/11/2022,10.31,75.84,168.8666667
1/12/2022,10.62,77.28,168.7333333
1/13/2022,11.99,75.83,168.6
1/14/2022,11.41,78.08,168.4666667
1/15/2022,10.56,78.34,168.3333333
1/16/2022,11.15,69.72,151.3666667
1/17/2022,10.84,70.24,168.1
1/18/2022,10.33,76.04,167.9666667
1/19/2022,10.18,77.95,167.8333333
1/20/2022,12.47,78.1,167.7
1/21/2022,13.34,77.23,167.5666667
1/22/2022,10.86,89.11,167.4333333
1/23/2022,11.55,87.92,150.6
1/24/2022,10.79,80.61,167.2
1/25/2022,10.33,82.9,167.0666667
1/26/2022,9.84,82.38,166.9333333
1/27/2022,10.14,73.47,166.8
1/28/2022,10.26,63.86,166.6666667
1/29/2022,11.43,61.96,166.5666667
1/30/2022,12.49,67.69,149.8
1/31/2022,14.75,60.51,166.3
2/1/2022,14.24,62.99,166.1666667
2/2/2022,13.05,60.32,165.7666667
2/3/2022,12.45,72.66,165.3666667
2/4/2022,11.25,85.13,164.9666667
2/5/2022,11.69,71.1,164.5666667
2/6/2022,13.08,58.74,147.7333333
2/7/2022,14.34,60.52,163.7666667
2/8/2022,16.07,66.26,163.3666667
2/9/2022,13.75,88.45,162.9666667
2/10/2022,12.93,73.3,162.5666667
2/11/2022,12.24,63.74,162.1666667
2/12/2022,13.35,57.62,161.7666667
2/13/2022,15.41,49.79,145.2333333
2/14/2022,15.48,54.54,160.9666667
2/15/2022,16.2,57.54,160.5333333
2/16/2022,16.83,55.11,160.1333333
2/17/2022,16.25,55.68,159.7333333
2/18/2022,16.78,51.73,159.3333333
2/19/2022,16.02,55.98,158.9333333
2/20/2022,15.12,55.86,142.6666667
2/21/2022,16.25,47.17,158.1333333
2/22/2022,17.03,52.83,157.7333333
2/23/2022,16.42,61.15,157.3333333
2/24/2022,17.75,63.03,156.9333333
2/25/2022,18.99,55.2,156.5333333
2/26/2022,16.99,64.97,156.1333333
2/27/2022,17.2,63,140.1666667
2/28/2022,16.21,57.24,155.3333333
3/1/2022,17.66,47.73,154.9333333
3/2/2022,18.97,48.71,156.6
3/3/2022,20.16,48.23,158.2666667
3/4/2022,19.12,58.76,159.9333333
3/5/2022,18.31,57.04,161.6
3/6/2022,19.58,48.31,146.9333333
3/7/2022,20.52,46.45,164.9333333
3/8/2022,21.4,46.47,166.6
3/9/2022,21.67,46.1,168.2666667
3/10/2022,21.67,47.65,169.9333333
3/11/2022,21.74,49.44,171.6
3/12/2022,21.73,45.53,173.2666667
3/13/2022,24.66,43,157.4333333
3/14/2022,25.7,45.33,176.6
3/15/2022,26.71,46.54,178.2666667
3/16/2022,26.2,44.93,179.9333333
3/17/2022,26.1,45.29,181.5666667
3/18/2022,27.38,49.39,183.2333333
3/19/2022,28.37,41.2,184.9
3/20/2022,29.05,36.97,167.9
3/21/2022,28.07,36.23,188.2333333
3/22/2022,26.86,36.66,189.9
3/23/2022,27.66,31.33,191.5666667
3/24/2022,27.53,32.83,193.2333333
3/25/2022,26.72,32.66,194.9
3/26/2022,25.96,30.66,196.5666667
3/27/2022,27.64,25.49,178.4
3/28/2022,29.29,21.92,199.9
3/29/2022,29.52,24.92,201.5666667
3/30/2022,30.09,24.41,203.2333333
3/31/2022,29.88,27.67,204.9
4/1/2022,28.84,24.84,206.5666667
4/2/2022,29.3,20.27,207.5333333
4/3/2022,29.76,18.98,187.6666667
4/4/2022,30.02,17.78,209.4666667
4/5/2022,29.71,19.83,210.4333333
4/6/2022,30.87,18.38,211.4
4/7/2022,31.83,17.95,212.4
4/8/2022,32.98,17.08,213.3666667
4/9/2022,33.91,15.61,214.3333333
4/10/2022,32.88,17.08,193.7666667
4/11/2022,34.06,15.69,216.2666667
4/12/2022,34.07,14.35,217.2333333
4/13/2022,32.56,18.04,218.2
4/14/2022,32.11,17.32,219.1666667
4/15/2022,31.62,18.63,220.1333333
4/16/2022,32.28,14.92,221.1333333
4/17/2022,32.25,16.6,199.9
4/18/2022,34,14.1,223.0666667
4/19/2022,35.23,14.11,224.0333333
4/20/2022,34.61,17.46,225
4/21/2022,30.59,30.48,225.9666667
4/22/2022,31.71,27.41,226.9333333
4/23/2022,32.36,16.62,227.9
4/24/2022,32.77,16.62,205.9666667
4/25/2022,33.71,15.76,229.8333333
4/26/2022,34.82,14.87,230.8
4/27/2022,34.61,11.9,231.8
4/28/2022,36.03,10.67,232.7666667
4/29/2022,36.52,13.12,233.7333333
4/30/2022,36.95,10.88,234.7
5/1/2022,35.43,13.41,212.1
5/2/2022,35.4,19.12,236.3333333
5/3/2022,34.72,22.8,237
5/4/2022,35.23,24.61,237.6666667
5/5/2022,32.5,34.95,238.3666667
5/6/2022,33.93,28.74,239.0333333
5/7/2022,34.53,24.03,239.7
5/8/2022,35.02,20.21,216.3333333
5/9/2022,34.58,27.55,241.0333333
5/10/2022,35.13,33.02,241.7
5/11/2022,35.96,31.65,242.4
5/12/2022,37.27,28.59,243.0666667
5/13/2022,37.65,19.95,243.7333333
5/14/2022,38.23,12.47,244.4
5/15/2022,37.89,10.53,220.5666667
5/16/2022,37.37,13.64,245.7333333
5/17/2022,36.15,15.13,246.4333333
5/18/2022,36.36,16.75,247.1
5/19/2022,37.47,16.1,247.7666667
5/20/2022,38.75,14.61,248.4333333
5/21/2022,35.8,22.12,249.1
5/22/2022,34.56,21.34,224.8
5/23/2022,31.15,39.39,250.4666667
5/24/2022,28.68,54.26,251.1333333
5/25/2022,30.41,44.22,251.8
5/26/2022,32.07,39.34,252.4666667
5/27/2022,34.04,37.21,253.1333333
5/28/2022,36.72,33.59,253.8
5/29/2022,34.64,33.99,229.0666667
5/30/2022,33.93,39.21,255.1666667
5/31/2022,33.67,30.13,255.8333333
6/1/2022,35.96,23.79,256.5
6/2/2022,36.06,21.66,256.3
6/3/2022,36.37,19.68,256.1
6/4/2022,36.8,16.84,255.9
6/5/2022,37.04,19.28,230.1333333
6/6/2022,37.5,15.24,255.5
6/7/2022,37.79,15.74,255.3
6/8/2022,37.05,17.91,255.1
6/9/2022,38.1,18.98,254.9333333
6/10/2022,37.83,20.43,254.7333333
6/11/2022,38.18,20.46,254.5333333
6/12/2022,38.44,20.51,228.9
6/13/2022,39.33,20.56,254.1333333
6/14/2022,38.16,31.84,253.9333333
6/15/2022,38.67,32,253.7333333
6/16/2022,37.78,35.62,253.5333333
6/17/2022,33.64,55.03,253.3333333
6/18/2022,31.57,57.97,253.1333333
6/19/2022,31.01,58.84,227.6333333
6/20/2022,32.74,41.42,252.7333333
6/21/2022,32.66,41.32,252.5333333
6/22/2022,33.75,41.08,252.3333333
6/23/2022,33.46,38.36,252.1333333
6/24/2022,33.24,31.36,251.9666667
6/25/2022,34.68,28.69,251.7666667
6/26/2022,35.37,30.69,226.4
6/27/2022,36.4,42.39,251.3666667
6/28/2022,37.84,37.93,251.1666667
6/29/2022,38.36,39.37,250.9666667
6/30/2022,30.97,74.53,250.7666667
7/1/2022,30.79,70.42,250.5666667
7/2/2022,32.3,60.74,249.4
7/3/2022,33.75,56.24,223.4333333
7/4/2022,34.53,54.6,247.1
7/5/2022,33.66,53.58,245.9666667
7/6/2022,34.57,49.95,244.8
7/7/2022,35.2,48.39,243.6666667
7/8/2022,36.16,45.96,242.5
7/9/2022,32.89,55.44,241.3666667
7/10/2022,32.35,57,216.1666667
7/11/2022,34.47,52.85,239.0666667
7/12/2022,33.32,59.13,237.9
7/13/2022,34.47,54.07,236.7333333
7/14/2022,34.35,51.59,235.6
7/15/2022,35,46.73,234.4333333
7/16/2022,33.12,56.32,233.3
7/17/2022,34.61,53.58,208.9333333
7/18/2022,35.56,51.19,231
7/19/2022,35.77,51.94,229.8333333
7/20/2022,32.27,70.18,228.7
7/21/2022,29.13,81.61,227.5333333
7/22/2022,31.17,68.34,226.3666667
7/23/2022,30.8,70.18,225.2333333
7/24/2022,30.8,67,201.6666667
7/25/2022,31.23,63.86,222.9333333
7/26/2022,30.62,69.13,221.7666667
7/27/2022,30.64,67.08,220.6333333
7/28/2022,29.7,77.7,219.4666667
7/29/2022,29.5,78.73,218.3333333
7/30/2022,29.62,77.14,217.1666667
7/31/2022,30.18,74,194.4333333
8/1/2022,29.86,76.28,214.8666667
8/2/2022,31.43,69.04,215.1333333
8/3/2022,31.91,65.37,215.4
8/4/2022,30.62,72.74,215.6333333
8/5/2022,30.23,73.22,215.9
8/6/2022,31.27,69.44,216.1666667
8/7/2022,28.84,80.31,194.8
8/8/2022,31.04,70.55,216.6666667
8/9/2022,31.63,65.84,216.9333333
8/10/2022,32.87,58.98,217.2
8/11/2022,30.11,67.52,217.4666667
8/12/2022,31.38,61.73,217.7333333
8/13/2022,31.8,62.51,217.9666667
8/14/2022,31.25,67.19,196.4
8/15/2022,29.16,72.1,218.5
8/16/2022,29.98,67.42,218.7666667
8/17/2022,30.54,65.89,219
8/18/2022,31.77,63.11,219.2666667
8/19/2022,31.6,64.2,219.5333333
8/20/2022,30.25,68.16,219.8
8/21/2022,31.2,60.06,198.0333333
8/22/2022,32.14,61.29,220.3
8/23/2022,31.06,62.5,220.5666667
8/24/2022,30.26,65.17,220.8333333
8/25/2022,31.33,60.99,221.1
8/26/2022,31.39,60.74,221.3333333
8/27/2022,31.51,59.53,221.6
8/28/2022,31.76,56.93,199.6666667
8/29/2022,31.79,57.25,222.1333333
8/30/2022,31.12,65.19,222.3666667
8/31/2022,32.82,57.54,222.6333333
9/1/2022,33.06,57.59,222.9
9/2/2022,32.32,57.34,221
9/3/2022,32.29,54.97,219.1333333
9/4/2022,33.12,50.68,195.5
9/5/2022,32.43,54.32,215.3666667
9/6/2022,32.52,51.71,213.4666667
9/7/2022,32.84,49.65,211.6
9/8/2022,32.13,50.67,209.7
9/9/2022,32.52,52.12,207.8
9/10/2022,31.58,65.32,205.9333333
9/11/2022,31.67,63.53,183.6333333
9/12/2022,31.25,60.07,202.1666667
9/13/2022,31.07,60.18,200.2666667
9/14/2022,29.87,64.6,198.4
9/15/2022,27.75,80.04,196.5
9/16/2022,26.96,82.39,194.6
9/17/2022,29.02,69.68,192.7333333
9/18/2022,29.32,65.33,171.7333333
9/19/2022,29.2,66.75,188.9666667
9/20/2022,29.6,74.24,187.0666667
9/21/2022,28.74,78.67,185.2
9/22/2022,27.68,87.84,183.3
9/23/2022,26.94,89.98,181.4333333
9/24/2022,26.32,90.98,179.5333333
9/25/2022,27.25,82.97,159.8666667
9/26/2022,26.52,83.96,175.7666667
9/27/2022,26.55,80.53,173.8666667
9/28/2022,27.18,77.51,172
9/29/2022,26.93,78.98,170.1
9/30/2022,26.49,82,168.2333333
10/1/2022,26.85,74.76,166.3333333
10/2/2022,26.28,73.05,148.6666667
10/3/2022,25.04,75.61,164.0666667
10/4/2022,26.22,72.23,162.9333333
10/5/2022,27.65,76.26,161.8333333
10/6/2022,25.75,86.38,160.7
10/7/2022,24.71,91.74,159.5666667
10/8/2022,24.6,93.26,158.4333333
10/9/2022,24.15,94.75,141.5666667
10/10/2022,24.5,90.14,156.1666667
10/11/2022,24.94,81.36,155.0666667
10/12/2022,24.09,79.6,153.9333333
10/13/2022,22.83,80.26,152.8
10/14/2022,22.22,78.83,151.6666667
10/15/2022,23.33,71.25,150.5333333
10/16/2022,24.21,63.27,134.4666667
10/17/2022,23.28,66.79,148.3
10/18/2022,23.44,60.22,147.1666667
10/19/2022,22.77,68.26,146.0333333
10/20/2022,22.7,71.88,144.9
10/21/2022,23.26,64.43,143.7666667
10/22/2022,22.24,65.23,142.6333333
10/23/2022,21.91,61.67,127.3666667
10/24/2022,21.03,68.06,140.4
10/25/2022,20.74,66.29,139.2666667
10/26/2022,22.09,60.89,138.1333333
10/27/2022,22.4,62.56,137
10/28/2022,21.98,66.16,135.8666667
10/29/2022,22.41,60.24,134.7666667
10/30/2022,21.59,56.42,120.2666667
10/31/2022,21.64,61.93,132.5
11/1/2022,21.38,71.77,131.3666667
11/2/2022,21.47,77.83,132.5
11/3/2022,21.2,74.07,133.6333333
11/4/2022,21.73,76.75,134.7666667
11/5/2022,20.5,88.03,135.9
11/6/2022,21.3,86.38,123.3666667
11/7/2022,22.41,84.69,138.2
11/8/2022,20.92,83.85,139.3333333
11/9/2022,21.43,76.08,140.4666667
11/10/2022,21.16,72.78,141.6
11/11/2022,18.5,73.22,142.7333333
11/12/2022,17.99,67.72,143.8666667
11/13/2022,18.45,64.46,130.5
11/14/2022,19.06,66.62,146.1333333
11/15/2022,19.16,73.5,147.2666667
11/16/2022,18,72.76,148.4
11/17/2022,16.44,69.83,149.5666667
11/18/2022,16.49,63.39,150.7
11/19/2022,16.82,60.4,151.8333333
11/20/2022,16.15,66.17,137.6666667
11/21/2022,16.4,68.49,154.1
11/22/2022,15.99,60.63,155.2333333
11/23/2022,15.54,58.18,156.3666667
11/24/2022,16.42,52.61,157.5
11/25/2022,17.31,52.16,158.6333333
11/26/2022,15.76,60.37,159.8
11/27/2022,16.13,56.38,144.8333333
11/28/2022,17.05,49.98,162.0666667
11/29/2022,17.26,49.01,163.2
11/30/2022,16.42,63.59,164.3333333
12/1/2022,16.42,59.76,165.4666667
12/2/2022,17.49,53.26,166.1666667
12/3/2022,17.39,54.64,166.9
12/4/2022,16.67,59.55,150.8333333
12/5/2022,15.57,55.02,168.3
12/6/2022,14,59.95,169
12/7/2022,13.56,58.49,169.7333333
12/8/2022,14.21,58.2,170.4333333
12/9/2022,16.09,56.67,171.1333333
12/10/2022,16.56,65.35,171.8333333
12/11/2022,16.66,62.05,155.3
12/12/2022,16.45,57.36,173.2666667
12/13/2022,16.07,54.98,173.9666667
12/14/2022,14.37,56.61,174.6666667
12/15/2022,13.24,52.39,175.4
12/16/2022,14.14,50,176.1
12/17/2022,14.69,46.65,176.8
12/18/2022,14.48,50.25,159.7333333
12/19/2022,14.11,53.82,178.2333333
12/20/2022,13.47,55.09,178.9333333
12/21/2022,13.39,56.14,179.6333333
12/22/2022,12.6,56.6,180.3333333
12/23/2022,13.02,55.67,181.0666667
12/24/2022,11.84,57.56,181.7666667
12/25/2022,10.11,59.78,164.2333333
12/26/2022,11.23,59.02,183.1666667
12/27/2022,11.67,52.94,183.9
12/28/2022,12.54,48.07,184.6
12/29/2022,14.02,53.38,185.3
12/30/2022,14.9,58.05,186
12/31/2022,12.67,68.97,186.7333333
1/1/2023,12.9,49.9,168.7
1/2/2023,12.26,51.83,186.4
1/3/2023,9.98,54.61,185.3666667
1/4/2023,8.57,58.24,184.3333333
1/5/2023,8.75,59.63,183.3333333
1/6/2023,8.74,54.41,182.3
1/7/2023,9.69,48.08,181.2666667
1/8/2023,12.35,44.61,162.2
1/9/2023,13.14,47.41,179.2
1/10/2023,12.82,53.16,178.1666667
1/11/2023,13.51,64.57,177.1666667
1/12/2023,13.82,73.58,176.1333333
1/13/2023,16.43,73.27,175.1
1/14/2023,12.35,56.25,174.0666667
1/15/2023,7.77,39.37,155.7333333
1/16/2023,8.92,42.56,172
1/17/2023,8.98,42.16,171
1/18/2023,9.25,37.57,169.9666667
1/19/2023,11.7,44.03,168.9333333
1/20/2023,13.01,55.44,167.9
1/21/2023,14.18,59.32,166.8666667
1/22/2023,15.17,52.26,149.2666667
1/23/2023,16.07,52.71,164.8333333
1/24/2023,15.89,80.09,163.8
1/25/2023,16.17,80.75,162.7666667
1/26/2023,14.78,61.48,161.7333333
1/27/2023,11.84,49.23,160.7
1/28/2023,13.1,40.56,159.6666667
1/29/2023,14.95,45.38,142.8
1/30/2023,13.12,71.39,157.6333333
1/31/2023,14.2,75.93,156.6
2/1/2023,13.03,60.64,155.5666667
2/2/2023,14.1,51.38,154.7333333
2/3/2023,15.01,49.12,153.9333333
2/4/2023,16.33,47.67,153.1
2/5/2023,17.03,54.52,137.0666667
2/6/2023,18.89,43.21,151.4666667
2/7/2023,17.33,48.27,150.6666667
2/8/2023,15.54,41.86,149.8333333
2/9/2023,17.4,37.91,149
2/10/2023,18.28,48.72,148.2
2/11/2023,18.34,48.9,147.3666667
2/12/2023,15.02,35.73,131.9
2/13/2023,14.46,30.08,145.7333333
2/14/2023,16.48,31.98,144.9333333
2/15/2023,18.5,39.76,144.1
2/16/2023,19.38,45.6,143.2666667
2/17/2023,21.16,44.72,142.4666667
2/18/2023,21.1,40.2,141.6333333
2/19/2023,22.42,30.93,126.7333333
2/20/2023,22.51,35.46,140
2/21/2023,20.51,38.61,139.2
2/22/2023,20.45,39.34,138.3666667
2/23/2023,19.66,34.42,137.5333333
2/24/2023,19.93,34.05,136.7333333
2/25/2023,21.51,35.53,135.9
2/26/2023,23.46,31.11,121.6
2/27/2023,23.2,36.6,134.2666667
2/28/2023,22.43,39.87,133.4666667
3/1/2023,22.61,39.55,132.6333333
3/2/2023,23.1,41.26,134.2
3/3/2023,23.72,43.25,135.7333333
3/4/2023,22.69,41.03,137.3
3/5/2023,22.69,40.7,124.9333333
3/6/2023,22.67,37.77,140.4
3/7/2023,23.2,33.66,141.9333333
3/8/2023,24.22,32.63,143.5
3/9/2023,23.56,41.47,145.0333333
3/10/2023,23.32,38.86,146.6
3/11/2023,24.21,30.56,148.1333333
3/12/2023,25.53,31.8,134.7333333
3/13/2023,24.72,36.35,151.2666667
3/14/2023,25.13,37.5,152.8
3/15/2023,26.49,31.49,154.3666667
3/16/2023,25.37,35.87,155.9
3/17/2023,24.25,46.96,157.4666667
3/18/2023,21.62,61.9,159
3/19/2023,23.36,53.65,144.5
3/20/2023,20.68,68.31,162.1
3/21/2023,20.28,72.56,163.6666667
3/22/2023,21.96,55.12,165.2333333
3/23/2023,23.38,48.37,166.7666667
3/24/2023,24.32,52.51,168.3333333
3/25/2023,23.57,57.77,169.8666667
3/26/2023,24.1,46.74,154.3
3/27/2023,22.77,43.64,172.9666667
3/28/2023,23.61,40.02,174.5333333
3/29/2023,26.11,36.38,176.0666667
3/30/2023,25.95,46.76,177.6333333
3/31/2023,21.15,76.48,179.1666667
4/1/2023,22.84,61.31,180.7333333
4/2/2023,24.2,51.41,164.1666667
4/3/2023,26.08,47.68,184.0666667
4/4/2023,24.87,50.88,185.7
4/5/2023,24.94,42.52,187.3666667
4/6/2023,25.28,34.95,189.0333333
4/7/2023,25.12,32.25,190.7
4/8/2023,24.95,28.27,192.3666667
4/9/2023,26.06,28.85,174.6
4/10/2023,26.28,29.81,195.6666667
4/11/2023,27.73,31.24,197.3333333
4/12/2023,29.67,33.94,199
4/13/2023,29.32,32.07,200.6666667
4/14/2023,30.25,28.77,202.3
4/15/2023,31.56,25.2,203.9666667
4/16/2023,32.03,28.85,185.0666667
4/17/2023,32.95,25.81,207.3
4/18/2023,32.3,30.89,208.9666667
4/19/2023,30.95,37.44,210.6
4/20/2023,30.07,41.33,212.2666667
4/21/2023,28.83,38.65,213.9333333
4/22/2023,28.12,32.02,215.6
4/23/2023,25.39,35.22,195.5333333
4/24/2023,26.77,37.8,218.9
4/25/2023,27.75,32.79,220.5666667
4/26/2023,29.53,31.43,222.2333333
4/27/2023,28.14,35.13,223.9
4/28/2023,28.32,38.21,225.5666667
4/29/2023,27.53,43.24,227.2
4/30/2023,25.92,57.83,205.9666667
5/1/2023,22.81,74.94,230.5333333
5/2/2023,23.67,72.98,230.8666667
5/3/2023,25.5,61.79,231.2
5/4/2023,27.78,50.06,231.5333333
5/5/2023,27.85,42.94,231.8666667
5/6/2023,29.67,40.17,232.2
5/7/2023,31.39,34.03,209.2666667
5/8/2023,31.34,28.25,232.8666667
5/9/2023,28.92,26.05,233.2
5/10/2023,28.78,25.28,233.5333333
5/11/2023,30.73,22.89,233.8666667
5/12/2023,31,22.11,234.2
5/13/2023,33,23.93,234.5333333
5/14/2023,34.06,23.48,211.3666667
5/15/2023,33.55,26.34,235.2
5/16/2023,33.41,27.27,235.5333333
5/17/2023,34.15,30.84,235.8666667
5/18/2023,31.87,40.45,236.2
5/19/2023,31.81,33.65,236.5333333
5/20/2023,32.92,28.84,236.8666667
5/21/2023,35.13,23.75,213.4666667
5/22/2023,35.86,26.36,237.5333333
5/23/2023,36.99,27.02,237.8666667
5/24/2023,34.53,35.4,238.2
5/25/2023,32.83,40.34,238.5333333
5/26/2023,29.28,56.46,238.8666667
5/27/2023,30.39,49.56,239.2
5/28/2023,29.96,46.21,215.5666667
5/29/2023,30.75,47.53,239.8666667
5/30/2023,30.95,46.19,240.2
5/31/2023,28.78,52.24,240.5333333
6/1/2023,29.85,45.75,240.8666667
6/2/2023,30.62,43.61,241.0666667
6/3/2023,31.11,38.11,241.2333333
6/4/2023,28.31,44.91,217.3
6/5/2023,32.41,38.38,241.6333333
6/6/2023,33.34,35.91,241.8333333
6/7/2023,33.67,33.3,242
6/8/2023,34.33,33.32,242.2
6/9/2023,35.76,32.22,242.4
6/10/2023,36.9,34.46,242.6
6/11/2023,36.48,35.48,218.5
6/12/2023,36.84,34.05,242.9666667
6/13/2023,38.15,32.25,243.1666667
6/14/2023,37.41,32.56,243.3666667
6/15/2023,35.85,37.49,243.5333333
6/16/2023,35.69,40.38,243.7333333
6/17/2023,35.92,38.57,243.9333333
6/18/2023,34.84,43.29,219.7
6/19/2023,34.09,49,244.3
6/20/2023,33.85,53.21,244.5
6/21/2023,33.7,52.31,244.7
6/22/2023,34.97,53.23,244.8666667
6/23/2023,35.7,51.88,245.0666667
6/24/2023,33.25,61.75,245.2666667
6/25/2023,30.18,75.39,220.9333333
6/26/2023,31.51,64.3,245.6333333
6/27/2023,31.99,58.87,245.8333333
6/28/2023,32.08,62.15,246.0333333
6/29/2023,31.34,65.67,246.2333333
6/30/2023,30.53,71.64,246.4
7/1/2023,30.63,67.02,246.6
7/2/2023,32.32,60.67,221.9666667
7/3/2023,33.95,51.79,246.7
7/4/2023,34.74,52.13,246.7333333
7/5/2023,32.83,61.69,246.7666667
7/6/2023,29.63,77.8,246.8
7/7/2023,30.36,74.44,246.8666667
7/8/2023,29.26,83.53,246.9
7/9/2023,29.71,83.7,222.2333333
7/10/2023,30.42,80,246.9666667
7/11/2023,30.64,77.05,247.0333333
7/12/2023,30.4,79.2,247.0666667
7/13/2023,29.91,79.74,247.1
7/14/2023,29.44,81.43,247.1333333
7/15/2023,29.23,81.91,247.2
7/16/2023,30.7,73.97,222.5
7/17/2023,31.66,72.45,247.2666667
7/18/2023,29.79,83.76,247.3
7/19/2023,29.57,80.5,247.3666667
7/20/2023,31.64,74.25,247.4
7/21/2023,31.28,77.04,247.4333333
7/22/2023,30.22,79.53,247.4666667
7/23/2023,30.04,79.24,222.7666667
7/24/2023,30.43,76.87,247.5666667
7/25/2023,30.3,81.69,247.6
7/26/2023,30.28,79.43,247.6333333
7/27/2023,29.08,86.57,247.7
7/28/2023,28.54,84.17,247.7333333
7/29/2023,29.03,85.31,247.7666667
7/30/2023,29.48,85.38,223.0333333
7/31/2023,30.09,80.36,247.8666667
8/1/2023,30.44,79.04,247.9
8/2/2023,30.3,81.74,247.4333333
8/3/2023,30.04,82.98,246.9333333
8/4/2023,29.47,86.9,246.4666667
8/5/2023,29.14,87.47,246
8/6/2023,29.54,82.55,220.9333333
8/7/2023,29.09,83.21,245.0333333
8/8/2023,29.18,83.34,244.5666667
8/9/2023,29.4,82.24,244.0666667
8/10/2023,29.41,80.94,243.6
8/11/2023,29.61,79.76,243.1333333
8/12/2023,29.26,77.8,242.6333333
8/13/2023,29.14,79.32,217.9333333
8/14/2023,27.32,84.72,241.7
8/15/2023,29,79.44,241.2
8/16/2023,29.69,78.71,240.7333333
8/17/2023,30.09,78.77,240.2666667
8/18/2023,30.16,79.09,239.8
8/19/2023,29.79,83.55,239.3
8/20/2023,30.75,76.48,214.9333333
8/21/2023,30.84,74.77,238.3666667
8/22/2023,29.98,83.99,237.8666667
8/23/2023,28.24,88.99,237.4
8/24/2023,28.21,82.74,236.9333333
8/25/2023,28.5,79.39,236.4333333
8/26/2023,28.9,76.79,235.9666667
8/27/2023,28.74,75.44,211.9333333
8/28/2023,29.43,75.67,235
8/29/2023,29.29,75.3,234.5333333
8/30/2023,29.1,76.36,234.0666667
8/31/2023,29.34,74.95,233.5666667
9/1/2023,29.48,70.49,233.1
9/2/2023,28.86,69.4,231.5333333
9/3/2023,28.73,67.26,206.9666667
9/4/2023,29.01,68.92,228.4
9/5/2023,29.8,73.61,226.8333333
9/6/2023,30.11,69.81,225.2666667
9/7/2023,30.38,66.06,223.7
9/8/2023,29.12,72.01,222.1333333
9/9/2023,27.89,83.45,220.5666667
9/10/2023,27.04,90.71,197.1
9/11/2023,27.48,85.42,217.4333333
9/12/2023,28.31,82.44,215.8666667
9/13/2023,29.06,82.63,214.3
9/14/2023,29.45,83.88,212.7333333
9/15/2023,28.93,84.72,211.1666667
9/16/2023,26.82,87.34,209.6
9/17/2023,26.98,89.83,187.2333333
9/18/2023,27.24,84.07,206.4666667
9/19/2023,28.35,81.18,204.9
9/20/2023,29.3,77.3,203.3333333
9/21/2023,29.58,76.85,201.7666667
9/22/2023,29.17,78.5,200.2
9/23/2023,28.81,80.88,198.6333333
9/24/2023,28.26,79.68,177.3666667
9/25/2023,28.61,74.11,195.5
9/26/2023,27.77,73.99,193.9333333
9/27/2023,26.75,73.12,192.3666667
9/28/2023,25.73,73.62,190.8
9/29/2023,25.83,63.19,189.2333333
9/30/2023,26.26,61.83,187.6666667
10/1/2023,25.55,62.69,167.5
10/2/2023,25.44,58.1,184.7333333
10/3/2023,24.21,54.42,183.4
10/4/2023,24.48,59.09,182.0333333
10/5/2023,25.43,62.27,180.6666667
10/6/2023,25.17,59.55,179.3
10/7/2023,26.32,59.96,177.9666667
10/8/2023,27.71,58.28,158.9333333
10/9/2023,28.38,61.7,175.2333333
10/10/2023,27.98,62.97,173.8666667
10/11/2023,25.97,57.89,172.5333333
10/12/2023,25.37,54.62,171.1666667
10/13/2023,26.34,50.78,169.8
10/14/2023,27.22,49.83,168.4333333
10/15/2023,26.61,54.6,150.4
10/16/2023,23.96,69.61,165.7333333
10/17/2023,23.67,62.92,164.3666667
10/18/2023,22.55,62.52,163
10/19/2023,22.6,59.88,161.6666667
10/20/2023,22.74,59.19,160.3
10/21/2023,22.61,54.65,158.9333333
10/22/2023,23.49,49.86,141.8
10/23/2023,23.12,58.36,156.2333333
10/24/2023,23.67,57.87,154.8666667
10/25/2023,23.59,56.08,153.5
10/26/2023,23.14,56.8,152.1333333
10/27/2023,23.26,46.05,150.8
10/28/2023,24.05,46.53,149.4333333
10/29/2023,24.41,46.55,133.2666667
10/30/2023,24.15,51.63,146.7
10/31/2023,24.23,52.61,145.3666667
11/1/2023,25.21,45.91,144
11/2/2023,23.52,48.95,144.6333333
11/3/2023,23.21,52.72,145.2666667
11/4/2023,23.43,54.4,145.8666667
11/5/2023,22.91,44.19,131.8666667
11/6/2023,22.99,40.14,147.1333333
11/7/2023,22.76,40.98,147.7666667
11/8/2023,22.62,54.16,148.4
11/9/2023,23.5,53.03,149
11/10/2023,21.76,60.4,149.6333333
11/11/2023,19.86,62.83,150.2666667
11/12/2023,19.69,62.63,135.8
11/13/2023,19.56,55.34,151.5333333
11/14/2023,19.23,49.58,152.1333333
11/15/2023,18.79,56.24,152.7666667
11/16/2023,20.29,54.99,153.4
11/17/2023,20.89,54.19,154.0333333
11/18/2023,20.1,50.87,154.6666667
11/19/2023,19.81,47.51,139.7333333
11/20/2023,19.73,51.79,155.9
11/21/2023,18.79,58.46,156.5333333
11/22/2023,17.72,57.83,157.1666667
11/23/2023,19.14,45.43,157.8
11/24/2023,18.96,45.35,158.4
11/25/2023,19.05,46.12,159.0333333
11/26/2023,18.74,49.09,143.7
11/27/2023,17.36,53.86,160.3
11/28/2023,18.6,54.48,160.9333333
11/29/2023,18.52,58.2,161.5333333
11/30/2023,19.59,62.39,162.1666667
12/1/2023,20.56,62.8,162.8
12/2/2023,18.99,63.91,163.8
12/3/2023,18.8,59.65,148.3333333
12/4/2023,19.11,62.34,165.8
12/5/2023,18.09,58.35,166.8
12/6/2023,18.16,52.21,167.8
12/7/2023,18.32,50.68,168.8
12/8/2023,17.01,51.16,169.8
12/9/2023,16.11,46.4,170.8333333
12/10/2023,15.25,45.78,154.6666667
12/11/2023,15.48,40.43,172.8333333
12/12/2023,15.92,41.94,173.8333333
12/13/2023,15.54,41.68,174.8333333
12/14/2023,14.26,48.47,175.8333333
12/15/2023,16.05,44.56,176.8333333
12/16/2023,15.46,45.53,177.8333333
12/17/2023,14.65,49.26,160.9333333
12/18/2023,13.86,54.58,179.8333333
12/19/2023,13.17,47.23,180.8333333
12/20/2023,12.97,44.1,181.8333333
12/21/2023,13.14,43.66,182.8333333
12/22/2023,14.89,41.04,183.8333333
12/23/2023,16.27,43.96,184.8333333
12/24/2023,16.72,51.16,167.2666667
12/25/2023,15.17,54.15,186.8666667
12/26/2023,15.28,55.02,187.8666667
12/27/2023,15.23,55.52,188.8666667
12/28/2023,14.45,58.29,189.8666667
12/29/2023,15.35,51.45,190.8666667
12/30/2023,14.8,51.85,191.8666667
12/31/2023,13.8,49.72,173.5666667
1/1/2024,12.19,59.47,193.8666667
1/2/2024,12.34,56.57,193.4333333
1/3/2024,13.09,45.68,193
1/4/2024,11.26,60.43,192.5333333
1/5/2024,11.51,68.29,192.1
1/6/2024,11.67,69.21,191.6666667
1/7/2024,11.21,72.18,172.1
1/8/2024,13.99,57.67,190.7666667
1/9/2024,13.13,58.17,190.3333333
1/10/2024,11.66,55.33,189.9
1/11/2024,10.61,53.14,189.4666667
1/12/2024,11.2,47.98,189.0333333
1/13/2024,12.81,42.54,188.5666667
1/14/2024,11.84,43.3,169.3333333
1/15/2024,11.46,45.32,187.7
1/16/2024,12.15,43.45,187.2666667
1/17/2024,12,42.26,186.8
1/18/2024,12.41,45.61,186.3666667
1/19/2024,12.52,49.3,185.9333333
1/20/2024,12.29,49.95,185.5
1/21/2024,11.12,53.01,166.5333333
1/22/2024,11.83,38.7,184.6
1/23/2024,13.07,39.27,184.1666667
1/24/2024,12.49,45.28,183.7333333
1/25/2024,12.77,45.75,183.3
1/26/2024,14.99,38.05,182.8333333
1/27/2024,14.78,38.48,182.4
1/28/2024,14.25,44.64,163.7666667
1/29/2024,15.37,44.84,181.5333333
1/30/2024,16.16,42.92,181.0666667
1/31/2024,16.08,50.07,180.6333333
2/1/2024,14.26,73.16,180.2
2/2/2024,13.83,57.25,179.1333333
2/3/2024,15.72,39.92,178.0666667
2/4/2024,15.03,83.36,159.3
2/5/2024,15.45,66.77,175.9666667
2/6/2024,12.68,41.28,174.9
2/7/2024,12.76,41.85,173.8333333
2/8/2024,12.51,42.24,172.7666667
2/9/2024,14.35,35.15,171.7
2/10/2024,15.69,33.51,170.6333333
2/11/2024,15.07,42.52,152.6
2/12/2024,16.91,40.35,168.5333333
2/13/2024,17.65,34.89,167.4666667
2/14/2024,16.78,41.28,166.4
2/15/2024,16.76,45.43,165.3333333
2/16/2024,16.74,37.97,164.2666667
2/17/2024,17.34,33.27,163.2
2/18/2024,19.55,30.47,145.9333333
2/19/2024,19.88,37.77,161.0666667
2/20/2024,20.6,55.19,160.0333333
2/21/2024,17.72,35.78,158.9666667
2/22/2024,17.08,35.52,157.9
2/23/2024,15.79,38.54,156.8333333
2/24/2024,17.01,33.89,155.7666667
2/25/2024,17.31,31.93,139.2333333
2/26/2024,18.28,33.2,153.6333333
2/27/2024,17.51,50,152.6
2/28/2024,18.15,46.72,151.5333333
2/29/2024,18.77,37.17,150.4666667
3/1/2024,22.17,36.53,149.4
3/2/2024,20.11,60.49,150.4333333
3/3/2024,18.56,69.75,136.3333333
3/4/2024,15.19,37.01,152.5
3/5/2024,14.65,31.26,153.5666667
3/6/2024,15.48,33.17,154.6
3/7/2024,17.8,36.77,155.6333333
3/8/2024,18.99,37.41,156.6666667
3/9/2024,18.67,37.46,157.7
3/10/2024,19.97,35.94,142.8666667
3/11/2024,22.55,31.04,159.7666667
3/12/2024,23.13,34.67,160.8
3/13/2024,23.08,34.57,161.8666667
3/14/2024,22.51,35.78,162.9
3/15/2024,21.98,34.23,163.9333333
3/16/2024,20.45,28.67,164.9666667
3/17/2024,21.4,26.27,149.4
3/18/2024,22.64,28.43,167.0333333
3/19/2024,23.29,28.31,168.0666667
3/20/2024,25.53,22.49,169.1
3/21/2024,21.9,28.5,170.1666667
3/22/2024,24.74,29.4,171.2
3/23/2024,26.75,26.44,172.2333333
3/24/2024,24.62,27.57,155.9333333
3/25/2024,25.92,27.19,174.3
3/26/2024,27.34,27.25,175.3333333
3/27/2024,30.05,25.42,176.3666667
3/28/2024,30.98,30.71,177.4
3/29/2024,31.17,32.97,178.4666667
3/30/2024,29.96,28.77,179.5
3/31/2024,28.6,23.42,162.4666667
4/1/2024,26.08,29.61,181.5666667
4/2/2024,26.81,19.34,184.7333333
4/3/2024,29.08,21.1,187.9
4/4/2024,29.96,18.97,191.0666667
4/5/2024,28.79,21.31,194.2666667
4/6/2024,27.68,19.14,197.4333333
4/7/2024,27.9,15.37,180.5333333
4/8/2024,29.41,15.81,203.7666667
4/9/2024,29.36,14.78,206.9333333
4/10/2024,30.48,15.94,210.1333333
4/11/2024,31.24,26.16,213.3
4/12/2024,32.24,22.34,216.4666667
4/13/2024,31.84,25.95,219.6333333
4/14/2024,30.38,32.53,200.5333333
4/15/2024,29.51,38.01,225.9666667
4/16/2024,30.15,34.11,229.1333333
4/17/2024,29.82,23.79,232.3333333
4/18/2024,31.08,23.83,235.5
4/19/2024,32.13,25.42,238.6666667
4/20/2024,30.83,22.4,241.8333333
4/21/2024,31.4,26.13,220.5
4/22/2024,31.99,24.93,248.2
4/23/2024,32.37,17.73,251.3666667
4/24/2024,31.17,21.97,254.5333333
4/25/2024,32.36,19.62,257.7
4/26/2024,33.79,19.33,260.8666667
4/27/2024,33.55,20.07,264.0333333
4/28/2024,32.18,23.06,240.4666667
4/29/2024,33.26,22.98,270.4
4/30/2024,30.33,21.9,273.5666667
5/1/2024,27.77,19.07,276.7333333
5/2/2024,28.64,18.53,277.1
5/3/2024,31.32,15.05,277.5
5/4/2024,33.94,15.78,277.8666667
5/5/2024,34.47,20.69,250.4333333
5/6/2024,34.93,20.65,278.6333333
5/7/2024,35.9,19.19,279.0333333
5/8/2024,35.02,19.31,279.4
5/9/2024,33.19,28.64,279.7666667
5/10/2024,34.37,27.33,280.1666667
5/11/2024,34.35,29.22,280.5333333
5/12/2024,34.88,24.38,252.8333333
5/13/2024,34.96,20.55,281.3
5/14/2024,34.47,15.96,281.6666667
5/15/2024,35.3,11.8,282.0666667
5/16/2024,36.64,12.45,282.4333333
5/17/2024,38.49,14.11,282.8333333
5/18/2024,38.45,15.12,283.2
5/19/2024,38.84,17.41,255.2333333
5/20/2024,39.07,16.48,283.9666667
5/21/2024,37.88,14.96,284.3333333
5/22/2024,37.36,18.14,284.7333333
5/23/2024,36.76,29.06,285.1
5/24/2024,36.74,30.24,285.5
5/25/2024,38.26,23.1,285.8666667
5/26/2024,39.23,16.72,257.6
5/27/2024,39.37,15.79,286.6333333
5/28/2024,40.32,9.69,287
5/29/2024,39.82,11.16,287.4
5/30/2024,39.49,13.15,287.7666667
5/31/2024,39.45,9.84,288.1666667
6/1/2024,38.63,15.77,288.5333333
